{
    "best_case_blimp_equal": 10623630.179999728,
    "worst_case_blimp_equal": 10623630.179999728,
    "best_case_blimp_not_equal": 10623630.179999728,
    "worst_case_blimp_not_equal": 10623630.179999728,
    "best_case_ambit_equal": 150437.5199999976,
    "worst_case_ambit_equal": 150437.5199999976,
    "best_case_ambit_et_equal": 23157.8,
    "worst_case_ambit_et_equal": 1471021.2000000458,
    "best_case_ambit_not_equal": 150777.7599999976,
    "worst_case_ambit_not_equal": 150777.7599999976,
    "best_case_ambit_et_not_equal": 23498.039999999997,
    "worst_case_ambit_et_not_equal": 1471361.440000046,
    "best_case_blimp_v_equal": 63960.719999999565,
    "worst_case_blimp_v_equal": 63960.719999999565,
    "best_case_blimp_v_et_equal": 1392.4799999999998,
    "worst_case_blimp_v_et_equal": 78040.71999999943,
    "best_case_blimp_v_not_equal": 64244.83999999956,
    "worst_case_blimp_v_not_equal": 64244.83999999956,
    "best_case_blimp_v_et_not_equal": 1676.5999999999997,
    "worst_case_blimp_v_et_not_equal": 78324.83999999943
}