{
    "best_case_ambit_equal": 300779.03999999346,
    "worst_case_ambit_equal": 300779.03999999346,
    "best_case_ambit_not_equal": 301459.51999999344,
    "worst_case_ambit_not_equal": 301459.51999999344,
    "best_case_blimp_equal": 10863317.0,
    "worst_case_blimp_equal": 10863317.0,
    "best_case_blimp_not_equal": 10863317.0,
    "worst_case_blimp_not_equal": 10863317.0,
    "best_case_blimp_v_equal": 92948.0,
    "worst_case_blimp_v_equal": 92948.0,
    "best_case_blimp_v_not_equal": 93300.0,
    "worst_case_blimp_v_not_equal": 93300.0,
    "best_case_blimp_v_et_equal": 1984.0,
    "worst_case_blimp_v_et_equal": 110868.0,
    "best_case_blimp_v_et_not_equal": 2336.0,
    "worst_case_blimp_v_et_not_equal": 111220.0,
    "best_case_ambit_et_equal": 25683.360000000008,
    "worst_case_ambit_et_equal": 1627627.0400000948,
    "best_case_ambit_et_not_equal": 26363.840000000004,
    "worst_case_ambit_et_not_equal": 1628307.520000095
}