{
    "best_case_ambit_equal": 601462.080000008,
    "worst_case_ambit_equal": 601462.080000008,
    "best_case_ambit_not_equal": 602823.0400000083,
    "worst_case_ambit_not_equal": 602823.0400000083,
    "best_case_blimp_equal": 11559578.0,
    "worst_case_blimp_equal": 11559578.0,
    "best_case_blimp_not_equal": 11559578.0,
    "worst_case_blimp_not_equal": 11559578.0,
    "best_case_blimp_v_equal": 165320.0,
    "worst_case_blimp_v_equal": 165320.0,
    "best_case_blimp_v_not_equal": 165864.0,
    "worst_case_blimp_v_not_equal": 165864.0,
    "best_case_blimp_v_et_equal": 3392.0,
    "worst_case_blimp_v_et_equal": 190920.0,
    "best_case_blimp_v_et_not_equal": 3936.0,
    "worst_case_blimp_v_et_not_equal": 191464.0,
    "best_case_ambit_et_equal": 30790.720000000016,
    "worst_case_ambit_et_equal": 1944438.0800002243,
    "best_case_ambit_et_not_equal": 32151.68000000001,
    "worst_case_ambit_et_not_equal": 1945799.040000225
}